Symbol,Element,AtomicMass,Category,Phase,f_std_Hz,f_phi2_Hz,phase_damping,f_std_phase_Hz,f_phi2_phase_Hz
H,Hydrogen,1.007,Con,gas,2.2681091177411725e+23,8.663405927835908e+22,0.6,1.3608654706447035e+23,5.198043556701544e+22
He,Helium,4.002,Div,gas,9.013875560278226e+23,3.4429940936642806e+23,0.6,5.4083253361669355e+23,2.0657964561985683e+23
Li,Lithium,6.941,Off,solid,1.5633510810567507e+24,5.971469766147869e+23,1.0,1.5633510810567507e+24,5.971469766147869e+23
Be,Beryllium,9.012,Neu,solid,2.0298112581016336e+24,7.753189098476386e+23,1.0,2.0298112581016336e+24,7.753189098476386e+23
B,Boron,10.811,Div,solid,2.435007713197599e+24,9.300901835733268e+23,1.0,2.435007713197599e+24,9.300901835733268e+23
C,Carbon,12.011,Con,solid,2.705288839442823e+24,1.0333283872814012e+24,1.0,2.705288839442823e+24,1.0333283872814012e+24
N,Nitrogen,14.007,Off,gas,3.1548564460973794e+24,1.2050479327824983e+24,0.6,1.8929138676584276e+24,7.230287596694989e+23
O,Oxygen,15.999,Ret,gas,3.603523115664451e+24,1.3764233509379018e+24,0.6,2.1621138693986707e+24,8.258540105627411e+23
F,Fluorine,18.998,Div,gas,4.279000697005641e+24,1.6344328283716644e+24,0.6,2.567400418203384e+24,9.806596970229986e+23
Ne,Neon,20.18,Div,gas,4.5452276063571864e+24,1.7361224590241175e+24,0.6,2.7271365638143117e+24,1.0416734754144705e+24
Na,Sodium,22.99,Neu,solid,5.178135910314754e+24,1.9778719193738585e+24,1.0,5.178135910314754e+24,1.9778719193738585e+24
Mg,Magnesium,24.305,Neu,solid,5.474318977825144e+24,2.0910037842706233e+24,1.0,5.474318977825144e+24,2.0910037842706233e+24
Al,Aluminum,26.982,Off,solid,6.077271123623865e+24,2.3213110103760523e+24,1.0,6.077271123623865e+24,2.3213110103760523e+24
Si,Silicon,28.086,Div,solid,6.325929759769472e+24,2.416290157787481e+24,1.0,6.325929759769472e+24,2.416290157787481e+24
P,Phosphorus,30.974,Off,solid,6.976406336932977e+24,2.6647501013782466e+24,1.0,6.976406336932977e+24,2.6647501013782466e+24
S,Sulfur,32.065,Con,solid,7.22213692754426e+24,2.758610834916171e+24,1.0,7.22213692754426e+24,2.758610834916171e+24
Cl,Chlorine,35.453,Div,gas,7.985230640643277e+24,3.0500866967186346e+24,0.6,4.791138384385966e+24,1.8300520180311806e+24
Ar,Argon,39.948,Neu,gas,8.997658692703513e+24,3.436799801441796e+24,0.6,5.398595215622107e+24,2.0620798808650776e+24
K,Potassium,39.098,Off,solid,8.806209561613145e+24,3.3636727404819103e+24,1.0,8.806209561613145e+24,3.3636727404819103e+24
Ca,Calcium,40.078,Neu,solid,9.026939148046746e+24,3.447983940176838e+24,1.0,9.026939148046746e+24,3.447983940176838e+24
Sc,Scandium,44.956,Off,solid,1.0125631926233583e+25,3.8676472382501605e+24,1.0,1.0125631926233583e+25,3.8676472382501605e+24
Ti,Titanium,47.867,Con,solid,1.078128889165012e+25,4.1180859140786634e+24,1.0,1.078128889165012e+25,4.1180859140786634e+24
V,Vanadium,50.942,Off,solid,1.147388427765351e+25,4.382633811080604e+24,1.0,1.147388427765351e+25,4.382633811080604e+24
Cr,Chromium,51.996,Con,solid,1.1711281200205565e+25,4.473311366670864e+24,1.0,1.1711281200205565e+25,4.473311366670864e+24
Mn,Manganese,54.938,Off,solid,1.2373920428050105e+25,4.7264170294284925e+24,1.0,1.2373920428050105e+25,4.7264170294284925e+24
Fe,Iron,55.845,Con,solid,1.2578207912637122e+25,4.804447905064512e+24,1.0,1.2578207912637122e+25,4.804447905064512e+24
Co,Cobalt,58.933,Off,solid,1.327373134417483e+25,5.070114215939957e+24,1.0,1.327373134417483e+25,5.070114215939957e+24
Ni,Nickel,58.693,Neu,solid,1.3219675118925785e+25,5.049466575198341e+24,1.0,1.3219675118925785e+25,5.049466575198341e+24
Cu,Copper,63.546,Div,solid,1.4312737040315844e+25,5.466979077361079e+24,1.0,1.4312737040315844e+25,5.466979077361079e+24
Zn,Zinc,65.38,Off,solid,1.4725816694927298e+25,5.624761465361586e+24,1.0,1.4725816694927298e+25,5.624761465361586e+24
Ga,Gallium,69.723,Off,solid,1.5704009137663138e+25,5.998397730948392e+24,1.0,1.5704009137663138e+25,5.998397730948392e+24
Ge,Germanium,72.64,Div,solid,1.6361017508710905e+25,6.249352597795437e+24,1.0,1.6361017508710905e+25,6.249352597795437e+24
As,Arsenic,74.922,Off,solid,1.6875002117120572e+25,6.445677248513624e+24,1.0,1.6875002117120572e+25,6.445677248513624e+24
Se,Selenium,78.96,Ret,solid,1.778449810693575e+25,6.793073803991294e+24,1.0,1.778449810693575e+25,6.793073803991294e+24
Br,Bromine,79.904,Div,liq,1.7997119259581995e+25,6.874287857574981e+24,1.0,1.7997119259581995e+25,6.874287857574981e+24
Kr,Krypton,83.798,Div,gas,1.8874181514247748e+25,7.209295828607682e+24,0.6,1.1324508908548649e+25,4.325577497164609e+24
Rb,Rubidium,85.468,Off,solid,1.925032274827235e+25,7.352968995434752e+24,1.0,1.925032274827235e+25,7.352968995434752e+24
Sr,Strontium,87.62,Neu,solid,1.9735026901338787e+25,7.538109507417899e+24,1.0,1.9735026901338787e+25,7.538109507417899e+24
Y,Yttrium,88.906,Off,solid,2.0024678174964917e+25,7.648746449058385e+24,1.0,2.0024678174964917e+25,7.648746449058385e+24
Zr,Zirconium,91.224,Con,solid,2.0546771217161945e+25,7.848168245887815e+24,1.0,2.0546771217161945e+25,7.848168245887815e+24
Nb,Niobium,92.906,Off,solid,2.0925615262448997e+25,7.992873794751966e+24,1.0,2.0925615262448997e+25,7.992873794751966e+24
Mo,Molybdenum,95.96,Con,solid,2.1613480728743095e+25,8.255615023189015e+24,1.0,2.1613480728743095e+25,8.255615023189015e+24
Tc,Technetium,98.0,Anom,artificial,2.2072958643359975e+25,8.431119969492742e+24,1.0,2.2072958643359975e+25,8.431119969492742e+24
Ru,Ruthenium,101.07,Con,solid,2.276442785800401e+25,8.695237707312565e+24,1.0,2.276442785800401e+25,8.695237707312565e+24
Rh,Rhodium,102.906,Off,solid,2.31779579811592e+25,8.853192158985919e+24,1.0,2.31779579811592e+25,8.853192158985919e+24
Pd,Palladium,106.42,Con,solid,2.3969431212513964e+25,9.15550803217773e+24,1.0,2.3969431212513964e+25,9.15550803217773e+24
Ag,Silver,107.868,Con,solid,2.42955704381832e+25,9.280082131318806e+24,1.0,2.42955704381832e+25,9.280082131318806e+24
Cd,Cadmium,112.411,Off,solid,2.5318809735293246e+25,9.670924764190292e+24,1.0,2.5318809735293246e+25,9.670924764190292e+24
In,Indium,114.818,Off,solid,2.586094862768679e+25,9.878003394461403e+24,1.0,2.586094862768679e+25,9.878003394461403e+24
Sn,Tin,118.71,Ret,solid,2.67375604138088e+25,1.021283930182126e+25,1.0,2.67375604138088e+25,1.021283930182126e+25
Sb,Antimony,121.76,Off,solid,2.7424524943015413e+25,1.0475236402912614e+25,1.0,2.7424524943015413e+25,1.0475236402912614e+25
Te,Tellurium,127.6,Ret,solid,2.873989309074217e+25,1.0977662327625243e+25,1.0,2.873989309074217e+25,1.0977662327625243e+25
I,Iodine,126.904,Ret,solid,2.858313003751994e+25,1.0917784169474559e+25,1.0,2.858313003751994e+25,1.0917784169474559e+25
Xe,Xenon,131.293,Div,gas,2.9571683256761853e+25,1.1295377899536843e+25,0.6,1.7743009954057111e+25,6.777226739722106e+24
Cs,Cesium,132.905,Off,solid,2.9934760903017937e+25,1.1434061219851356e+25,1.0,2.9934760903017937e+25,1.1434061219851356e+25
Ba,Barium,137.327,Neu,solid,3.0930746853231583e+25,1.181449400051561e+25,1.0,3.0930746853231583e+25,1.181449400051561e+25
La,Lanthanum,138.905,Off,solid,3.128616653424405e+25,1.1950252238391727e+25,1.0,3.128616653424405e+25,1.1950252238391727e+25
Ce,Cerium,140.116,Ret,solid,3.1558925237479863e+25,1.2054436792300461e+25,1.0,3.1558925237479863e+25,1.2054436792300461e+25
Pr,Praseodymium,140.908,Off,solid,3.17373107808017e+25,1.2122574006747785e+25,1.0,3.17373107808017e+25,1.2122574006747785e+25
Nd,Neodymium,144.242,Off,solid,3.2488241843219685e+25,1.2409404149383387e+25,1.0,3.2488241843219685e+25,1.2409404149383387e+25
Pm,Promethium,145.0,Anom,artificial,3.265896942129792e+25,1.2474616281392322e+25,1.0,3.265896942129792e+25,1.2474616281392322e+25
Sm,Samarium,150.36,Ret,solid,3.3866225118526593e+25,1.2935746924621722e+25,1.0,3.3866225118526593e+25,1.2935746924621722e+25
Eu,Europium,151.964,Ret,solid,3.4227500890607705e+25,1.3073741990244846e+25,1.0,3.4227500890607705e+25,1.3073741990244846e+25
Gd,Gadolinium,157.25,Off,solid,3.5418089251717916e+25,1.3528506277578914e+25,1.0,3.5418089251717916e+25,1.3528506277578914e+25
Tb,Terbium,158.925,Off,solid,3.5795356657101885e+25,1.3672609603588104e+25,1.0,3.5795356657101885e+25,1.3672609603588104e+25
Dy,Dysprosium,162.5,Ret,solid,3.6600569179040773e+25,1.398017341880174e+25,1.0,3.6600569179040773e+25,1.398017341880174e+25
Ho,Holmium,164.93,Off,solid,3.7147888459687357e+25,1.4189230781310592e+25,1.0,3.7147888459687357e+25,1.4189230781310592e+25
Er,Erbium,167.259,Ret,solid,3.767245907887496e+25,1.4389598928340677e+25,1.0,3.767245907887496e+25,1.4389598928340677e+25
Tm,Thulium,168.934,Off,solid,3.8049726484258915e+25,1.4533702254349865e+25,1.0,3.8049726484258915e+25,1.4533702254349865e+25
Yb,Ytterbium,173.054,Neu,solid,3.897769168436752e+25,1.4888153420414254e+25,1.0,3.897769168436752e+25,1.4888153420414254e+25
Lu,Lutetium,174.967,Off,solid,3.940856484645678e+25,1.5052732323492209e+25,1.0,3.940856484645678e+25,1.5052732323492209e+25
Hf,Hafnium,178.49,Con,solid,4.0202065186258385e+25,1.5355822483211832e+25,1.0,4.0202065186258385e+25,1.5355822483211832e+25
Ta,Tantalum,180.948,Off,solid,4.075569102651736e+25,1.556728873714054e+25,1.0,4.075569102651736e+25,1.556728873714054e+25
W,Wolfram,183.84,Con,solid,4.1407068540768345e+25,1.5816092808076997e+25,1.0,4.1407068540768345e+25,1.5816092808076997e+25
Re,Rhenium,186.207,Off,solid,4.194019806228704e+25,1.6019730164891171e+25,1.0,4.194019806228704e+25,1.6019730164891171e+25
Os,Osmium,190.23,Con,solid,4.284631553802417e+25,1.636583624282249e+25,1.0,4.284631553802417e+25,1.636583624282249e+25
Ir,Iridium,192.217,Con,solid,4.329385603623188e+25,1.653678150179578e+25,1.0,4.329385603623188e+25,1.653678150179578e+25
Pt,Platinum,195.084,Con,solid,4.39396026936861e+25,1.6783434776821654e+25,1.0,4.39396026936861e+25,1.6783434776821654e+25
Au,Gold,196.967,Con,solid,4.436371882761923e+25,1.6945432724806907e+25,1.0,4.436371882761923e+25,1.6945432724806907e+25
Hg,Mercury,200.59,Anom,liq,4.517974259460794e+25,1.725712606816887e+25,1.0,4.517974259460794e+25,1.725712606816887e+25
Tl,Thallium,204.383,Off,solid,4.6034056187814715e+25,1.7583444823722808e+25,1.0,4.6034056187814715e+25,1.7583444823722808e+25
Pb,Lead,207.2,Anom,solid,4.666854113167537e+25,1.782579650692751e+25,1.0,4.666854113167537e+25,1.782579650692751e+25
Bi,Bismuth,208.98,Off,solid,4.706945813560579e+25,1.7978933175761152e+25,1.0,4.706945813560579e+25,1.7978933175761152e+25
Po,Polonium,210.0,Anom,solid,4.729919709291423e+25,1.806668564891302e+25,1.0,4.729919709291423e+25,1.806668564891302e+25
At,Astatine,210.0,Anom,solid,4.729919709291423e+25,1.806668564891302e+25,1.0,4.729919709291423e+25,1.806668564891302e+25
Rn,Radon,222.0,Div,gas,5.000200835536648e+25,1.9099067685993764e+25,0.6,3.0001205013219885e+25,1.1459440611596257e+25
Fr,Francium,223.0,Anom,solid,5.02272426272375e+25,1.9185099522417157e+25,1.0,5.02272426272375e+25,1.9185099522417157e+25
Ra,Radium,226.0,Off,solid,5.090294544285055e+25,1.9443195031687342e+25,1.0,5.090294544285055e+25,1.9443195031687342e+25
Ac,Actinium,227.0,Off,solid,5.112817971472157e+25,1.9529226868110735e+25,1.0,5.112817971472157e+25,1.9529226868110735e+25
Th,Thorium,232.038,Off,solid,5.226290997640777e+25,1.99626552600118e+25,1.0,5.226290997640777e+25,1.99626552600118e+25
Pa,Protactinium,231.036,Off,solid,5.203722523599302e+25,1.9876451359915564e+25,1.0,5.203722523599302e+25,1.9876451359915564e+25
U,Uranium,238.029,Off,solid,5.361228849918706e+25,2.047807199202437e+25,1.0,5.361228849918706e+25,2.047807199202437e+25
Np,Neptunium,237.0,Anom,artificial,5.338052243343177e+25,2.038954523234469e+25,1.0,5.338052243343177e+25,2.038954523234469e+25
Pu,Plutonium,244.0,Anom,artificial,5.495716233652892e+25,2.099176808730846e+25,1.0,5.495716233652892e+25,2.099176808730846e+25
Am,Americium,243.0,Anom,artificial,5.473192806465789e+25,2.090573625088506e+25,1.0,5.473192806465789e+25,2.090573625088506e+25
Cm,Curium,247.0,Anom,artificial,5.563286515214198e+25,2.1249863596578645e+25,1.0,5.563286515214198e+25,2.1249863596578645e+25
Bk,Berkelium,247.0,Anom,artificial,5.563286515214198e+25,2.1249863596578645e+25,1.0,5.563286515214198e+25,2.1249863596578645e+25
Cf,Californium,251.0,Anom,artificial,5.653380223962606e+25,2.1593990942272226e+25,1.0,5.653380223962606e+25,2.1593990942272226e+25
Es,Einsteinium,252.0,Anom,artificial,5.675903651149708e+25,2.1680022778695623e+25,1.0,5.675903651149708e+25,2.1680022778695623e+25
Fm,Fermium,257.0,Anom,artificial,5.788520787085218e+25,2.2110181960812596e+25,1.0,5.788520787085218e+25,2.2110181960812596e+25
Md,Mendelevium,258.0,Anom,artificial,5.811044214272319e+25,2.2196213797235993e+25,1.0,5.811044214272319e+25,2.2196213797235993e+25
No,Nobelium,259.0,Off,artificial,5.833567641459422e+25,2.228224563365939e+25,1.0,5.833567641459422e+25,2.228224563365939e+25
Lr,Lawrencium,262.0,Off,artificial,5.901137923020728e+25,2.2540341142929573e+25,1.0,5.901137923020728e+25,2.2540341142929573e+25
Rf,Rutherfordium,261.0,Off,artificial,5.878614495833625e+25,2.2454309306506176e+25,1.0,5.878614495833625e+25,2.2454309306506176e+25
Db,Dubnium,262.0,Anom,artificial,5.901137923020728e+25,2.2540341142929573e+25,1.0,5.901137923020728e+25,2.2540341142929573e+25
Sg,Seaborgium,266.0,Off,artificial,5.991231631769136e+25,2.288446848862316e+25,1.0,5.991231631769136e+25,2.288446848862316e+25
Bh,Bohrium,264.0,Anom,artificial,5.9461847773949315e+25,2.2712404815776364e+25,1.0,5.9461847773949315e+25,2.2712404815776364e+25
Hs,Hassium,267.0,Off,artificial,6.013755058956239e+25,2.2970500325046555e+25,1.0,6.013755058956239e+25,2.2970500325046555e+25
Mt,Meitnerium,268.0,Anom,artificial,6.03627848614334e+25,2.3056532161469944e+25,1.0,6.03627848614334e+25,2.3056532161469944e+25
Ds,Darmstadtium,271.0,Anom,artificial,6.103848767704646e+25,2.331462767074013e+25,1.0,6.103848767704646e+25,2.331462767074013e+25
Rg,Roentgenium,272.0,Off,artificial,6.126372194891748e+25,2.340065950716353e+25,1.0,6.126372194891748e+25,2.340065950716353e+25
Cn,Copernicium,285.0,Anom,artificial,6.419176748324075e+25,2.4519073380667667e+25,1.0,6.419176748324075e+25,2.4519073380667667e+25
Nh,Nihonium,284.0,Anom,artificial,6.396653321136972e+25,2.443304154424427e+25,1.0,6.396653321136972e+25,2.443304154424427e+25
Fl,Flerovium,289.0,Anom,artificial,6.509270457072483e+25,2.486320072636125e+25,1.0,6.509270457072483e+25,2.486320072636125e+25
Mc,Moscovium,288.0,Anom,artificial,6.48674702988538e+25,2.4777168889937854e+25,1.0,6.48674702988538e+25,2.4777168889937854e+25
Lv,Livermorium,292.0,Anom,artificial,6.576840738633789e+25,2.5121296235631434e+25,1.0,6.576840738633789e+25,2.5121296235631434e+25
Ts,Tennessine,295.0,Anom,artificial,6.6444110201950945e+25,2.537939174490162e+25,1.0,6.6444110201950945e+25,2.537939174490162e+25
Og,Oganesson,294.0,Anom,artificial,6.621887593007992e+25,2.5293359908478224e+25,1.0,6.621887593007992e+25,2.5293359908478224e+25
